<?xml version="1.0" encoding="utf-8"?>
<!--/18815240/1482083/2.50/102/3/Integrated Circuit/-->
<quadcept_library>
  <setting unit="mil" />
  <textstyle name="Default" height="47.244094488189" strokewidth="7.8740157480315" charwidth="47.244094488189" />
  <textstyle name="Dimension" height="19.6850393700787" strokewidth="0" charwidth="19.6850393700787" />
  <textstyle name="H127W0635TH00762" height="50" strokewidth="3" charwidth="25" />
  <textstyle name="H15W15TH02" height="59.0551181102362" strokewidth="7.8740157480315" charwidth="59.0551181102362" />
  <padstyle name="r110_110" surface="True" plated="False" isvia="False" nopaste="False" nomask="True" complex="False" holesize="0">
    <padshape layer="TOP" shape="rectangle" width="43.307086614173" height="43.307086614173" />
    <padshape layer="TOP_SOLDER_MASK" shape="rectangle" width="51.181102362204" height="51.181102362204" />
    <padshape layer="TOP_SOLDER_PASTE" shape="rectangle" width="43.307086614173" height="43.307086614173" />
  </padstyle>
  <padstyle name="r150_80" surface="True" plated="False" isvia="False" nopaste="False" nomask="True" complex="False" holesize="0">
    <padshape layer="TOP" shape="rectangle" width="31.496062992126" height="59.055118110235" />
    <padshape layer="TOP_SOLDER_MASK" shape="rectangle" width="39.370078740157" height="66.929133858267" />
    <padshape layer="TOP_SOLDER_PASTE" shape="rectangle" width="31.496062992126" height="59.055118110235" />
  </padstyle>
  <footprint name="ZEDF9P15B" originx="0" originy="0" pickpointx="0" pickpointy="0">
    <pcbpin number="1" name="1" style="r150_80" originx="-281.49606299212" originy="-293.30708661417" rotation="0" />
    <pcbpin number="2" name="2" style="r150_80" originx="-238.18897637795" originy="-293.30708661417" rotation="0" />
    <pcbpin number="3" name="3" style="r150_80" originx="-194.88188976378" originy="-293.30708661417" rotation="0" />
    <pcbpin number="4" name="4" style="r150_80" originx="-151.5748031496" originy="-293.30708661417" rotation="0" />
    <pcbpin number="5" name="5" style="r150_80" originx="-108.26771653543" originy="-293.30708661417" rotation="0" />
    <pcbpin number="6" name="6" style="r150_80" originx="-64.960629921259" originy="-293.30708661417" rotation="0" />
    <pcbpin number="7" name="7" style="r150_80" originx="-21.653543307086" originy="-293.30708661417" rotation="0" />
    <pcbpin number="8" name="8" style="r150_80" originx="21.653543307086" originy="-293.30708661417" rotation="0" />
    <pcbpin number="9" name="9" style="r150_80" originx="64.960629921259" originy="-293.30708661417" rotation="0" />
    <pcbpin number="10" name="10" style="r150_80" originx="108.26771653543" originy="-293.30708661417" rotation="0" />
    <pcbpin number="11" name="11" style="r150_80" originx="151.5748031496" originy="-293.30708661417" rotation="0" />
    <pcbpin number="12" name="12" style="r150_80" originx="194.88188976378" originy="-293.30708661417" rotation="0" />
    <pcbpin number="13" name="13" style="r150_80" originx="238.18897637795" originy="-293.30708661417" rotation="0" />
    <pcbpin number="14" name="14" style="r150_80" originx="281.49606299212" originy="-293.30708661417" rotation="0" />
    <pcbpin number="15" name="15" style="r150_80" originx="391.73228346456" originy="-259.84251968504" rotation="90" />
    <pcbpin number="16" name="16" style="r150_80" originx="391.73228346456" originy="-216.53543307086" rotation="90" />
    <pcbpin number="17" name="17" style="r150_80" originx="391.73228346456" originy="-173.22834645669" rotation="90" />
    <pcbpin number="18" name="18" style="r150_80" originx="391.73228346456" originy="-129.92125984252" rotation="90" />
    <pcbpin number="19" name="19" style="r150_80" originx="391.73228346456" originy="-86.614173228345" rotation="90" />
    <pcbpin number="20" name="20" style="r150_80" originx="391.73228346456" originy="-43.307086614173" rotation="90" />
    <pcbpin number="21" name="21" style="r150_80" originx="391.73228346456" originy="0" rotation="90" />
    <pcbpin number="22" name="22" style="r150_80" originx="391.73228346456" originy="43.307086614173" rotation="90" />
    <pcbpin number="23" name="23" style="r150_80" originx="391.73228346456" originy="86.614173228345" rotation="90" />
    <pcbpin number="24" name="24" style="r150_80" originx="391.73228346456" originy="129.92125984252" rotation="90" />
    <pcbpin number="25" name="25" style="r150_80" originx="391.73228346456" originy="173.22834645669" rotation="90" />
    <pcbpin number="26" name="26" style="r150_80" originx="391.73228346456" originy="216.53543307086" rotation="90" />
    <pcbpin number="27" name="27" style="r150_80" originx="391.73228346456" originy="259.84251968504" rotation="90" />
    <pcbpin number="28" name="28" style="r150_80" originx="281.49606299212" originy="293.30708661417" rotation="0" />
    <pcbpin number="29" name="29" style="r150_80" originx="238.18897637795" originy="293.30708661417" rotation="0" />
    <pcbpin number="30" name="30" style="r150_80" originx="194.88188976378" originy="293.30708661417" rotation="0" />
    <pcbpin number="31" name="31" style="r150_80" originx="151.5748031496" originy="293.30708661417" rotation="0" />
    <pcbpin number="32" name="32" style="r150_80" originx="108.26771653543" originy="293.30708661417" rotation="0" />
    <pcbpin number="33" name="33" style="r150_80" originx="64.960629921259" originy="293.30708661417" rotation="0" />
    <pcbpin number="34" name="34" style="r150_80" originx="21.653543307086" originy="293.30708661417" rotation="0" />
    <pcbpin number="35" name="35" style="r150_80" originx="-21.653543307086" originy="293.30708661417" rotation="0" />
    <pcbpin number="36" name="36" style="r150_80" originx="-64.960629921259" originy="293.30708661417" rotation="0" />
    <pcbpin number="37" name="37" style="r150_80" originx="-108.26771653543" originy="293.30708661417" rotation="0" />
    <pcbpin number="38" name="38" style="r150_80" originx="-151.5748031496" originy="293.30708661417" rotation="0" />
    <pcbpin number="39" name="39" style="r150_80" originx="-194.88188976378" originy="293.30708661417" rotation="0" />
    <pcbpin number="40" name="40" style="r150_80" originx="-238.18897637795" originy="293.30708661417" rotation="0" />
    <pcbpin number="41" name="41" style="r150_80" originx="-281.49606299212" originy="293.30708661417" rotation="0" />
    <pcbpin number="42" name="42" style="r150_80" originx="-391.73228346456" originy="259.84251968504" rotation="90" />
    <pcbpin number="43" name="43" style="r150_80" originx="-391.73228346456" originy="216.53543307086" rotation="90" />
    <pcbpin number="44" name="44" style="r150_80" originx="-391.73228346456" originy="173.22834645669" rotation="90" />
    <pcbpin number="45" name="45" style="r150_80" originx="-391.73228346456" originy="129.92125984252" rotation="90" />
    <pcbpin number="46" name="46" style="r150_80" originx="-391.73228346456" originy="86.614173228345" rotation="90" />
    <pcbpin number="47" name="47" style="r150_80" originx="-391.73228346456" originy="43.307086614173" rotation="90" />
    <pcbpin number="48" name="48" style="r150_80" originx="-391.73228346456" originy="0" rotation="90" />
    <pcbpin number="49" name="49" style="r150_80" originx="-391.73228346456" originy="-43.307086614173" rotation="90" />
    <pcbpin number="50" name="50" style="r150_80" originx="-391.73228346456" originy="-86.614173228345" rotation="90" />
    <pcbpin number="51" name="51" style="r150_80" originx="-391.73228346456" originy="-129.92125984252" rotation="90" />
    <pcbpin number="52" name="52" style="r150_80" originx="-391.73228346456" originy="-173.22834645669" rotation="90" />
    <pcbpin number="53" name="53" style="r150_80" originx="-391.73228346456" originy="-216.53543307086" rotation="90" />
    <pcbpin number="54" name="54" style="r150_80" originx="-391.73228346456" originy="-259.84251968504" rotation="90" />
    <pcbpin number="55" name="55" style="r110_110" originx="-289.37007874015" originy="-206.69291338582" rotation="0" />
    <pcbpin number="56" name="56" style="r110_110" originx="-206.69291338582" originy="-206.69291338582" rotation="0" />
    <pcbpin number="57" name="57" style="r110_110" originx="-124.01574803149" originy="-206.69291338582" rotation="0" />
    <pcbpin number="58" name="58" style="r110_110" originx="-41.338582677165" originy="-206.69291338582" rotation="0" />
    <pcbpin number="59" name="59" style="r110_110" originx="41.338582677165" originy="-206.69291338582" rotation="0" />
    <pcbpin number="60" name="60" style="r110_110" originx="124.01574803149" originy="-206.69291338582" rotation="0" />
    <pcbpin number="61" name="61" style="r110_110" originx="206.69291338582" originy="-206.69291338582" rotation="0" />
    <pcbpin number="62" name="62" style="r110_110" originx="289.37007874015" originy="-206.69291338582" rotation="0" />
    <pcbpin number="63" name="63" style="r110_110" originx="289.37007874015" originy="-124.01574803149" rotation="0" />
    <pcbpin number="64" name="64" style="r110_110" originx="289.37007874015" originy="-41.338582677165" rotation="0" />
    <pcbpin number="65" name="65" style="r110_110" originx="289.37007874015" originy="41.338582677165" rotation="0" />
    <pcbpin number="66" name="66" style="r110_110" originx="289.37007874015" originy="124.01574803149" rotation="0" />
    <pcbpin number="67" name="67" style="r110_110" originx="289.37007874015" originy="206.69291338582" rotation="0" />
    <pcbpin number="68" name="68" style="r110_110" originx="206.69291338582" originy="206.69291338582" rotation="0" />
    <pcbpin number="69" name="69" style="r110_110" originx="124.01574803149" originy="206.69291338582" rotation="0" />
    <pcbpin number="70" name="70" style="r110_110" originx="41.338582677165" originy="206.69291338582" rotation="0" />
    <pcbpin number="71" name="71" style="r110_110" originx="-41.338582677165" originy="206.69291338582" rotation="0" />
    <pcbpin number="72" name="72" style="r110_110" originx="-124.01574803149" originy="206.69291338582" rotation="0" />
    <pcbpin number="73" name="73" style="r110_110" originx="-206.69291338582" originy="206.69291338582" rotation="0" />
    <pcbpin number="74" name="74" style="r110_110" originx="-289.37007874015" originy="206.69291338582" rotation="0" />
    <pcbpin number="75" name="75" style="r110_110" originx="-289.37007874015" originy="124.01574803149" rotation="0" />
    <pcbpin number="76" name="76" style="r110_110" originx="-289.37007874015" originy="41.338582677165" rotation="0" />
    <pcbpin number="77" name="77" style="r110_110" originx="-289.37007874015" originy="-41.338582677165" rotation="0" />
    <pcbpin number="78" name="78" style="r110_110" originx="-289.37007874015" originy="-124.01574803149" rotation="0" />
    <pcbpin number="79" name="79" style="r110_110" originx="-206.69291338582" originy="-124.01574803149" rotation="0" />
    <pcbpin number="80" name="80" style="r110_110" originx="-124.01574803149" originy="-124.01574803149" rotation="0" />
    <pcbpin number="81" name="81" style="r110_110" originx="-41.338582677165" originy="-124.01574803149" rotation="0" />
    <pcbpin number="82" name="82" style="r110_110" originx="41.338582677165" originy="-124.01574803149" rotation="0" />
    <pcbpin number="83" name="83" style="r110_110" originx="124.01574803149" originy="-124.01574803149" rotation="0" />
    <pcbpin number="84" name="84" style="r110_110" originx="206.69291338582" originy="-124.01574803149" rotation="0" />
    <pcbpin number="85" name="85" style="r110_110" originx="206.69291338582" originy="-41.338582677165" rotation="0" />
    <pcbpin number="86" name="86" style="r110_110" originx="206.69291338582" originy="41.338582677165" rotation="0" />
    <pcbpin number="87" name="87" style="r110_110" originx="206.69291338582" originy="124.01574803149" rotation="0" />
    <pcbpin number="88" name="88" style="r110_110" originx="124.01574803149" originy="124.01574803149" rotation="0" />
    <pcbpin number="89" name="89" style="r110_110" originx="41.338582677165" originy="124.01574803149" rotation="0" />
    <pcbpin number="90" name="90" style="r110_110" originx="-41.338582677165" originy="124.01574803149" rotation="0" />
    <pcbpin number="91" name="91" style="r110_110" originx="-124.01574803149" originy="124.01574803149" rotation="0" />
    <pcbpin number="92" name="92" style="r110_110" originx="-206.69291338582" originy="124.01574803149" rotation="0" />
    <pcbpin number="93" name="93" style="r110_110" originx="-206.69291338582" originy="41.338582677165" rotation="0" />
    <pcbpin number="94" name="94" style="r110_110" originx="-206.69291338582" originy="-41.338582677165" rotation="0" />
    <pcbpin number="95" name="95" style="r110_110" originx="-124.01574803149" originy="-41.338582677165" rotation="0" />
    <pcbpin number="96" name="96" style="r110_110" originx="-41.338582677165" originy="-41.338582677165" rotation="0" />
    <pcbpin number="97" name="97" style="r110_110" originx="41.338582677165" originy="-41.338582677165" rotation="0" />
    <pcbpin number="98" name="98" style="r110_110" originx="124.01574803149" originy="-41.338582677165" rotation="0" />
    <pcbpin number="99" name="99" style="r110_110" originx="124.01574803149" originy="41.338582677165" rotation="0" />
    <pcbpin number="100" name="100" style="r110_110" originx="41.338582677165" originy="41.338582677165" rotation="0" />
    <pcbpin number="101" name="101" style="r110_110" originx="-41.338582677165" originy="41.338582677165" rotation="0" />
    <pcbpin number="102" name="102" style="r110_110" originx="-124.01574803149" originy="41.338582677165" rotation="0" />
    <line layer="TOP_ASSEMBLY" originx="-433.07086614173" originy="-334.64566929133" endx="433.07086614173" endy="-334.64566929133" width="3.9370078740157" />
    <line layer="TOP_ASSEMBLY" originx="433.07086614173" originy="-334.64566929133" endx="433.07086614173" endy="334.64566929133" width="3.9370078740157" />
    <line layer="TOP_ASSEMBLY" originx="433.07086614173" originy="334.64566929133" endx="-433.07086614173" endy="334.64566929133" width="3.9370078740157" />
    <line layer="TOP_ASSEMBLY" originx="-433.07086614173" originy="334.64566929133" endx="-433.07086614173" endy="-334.64566929133" width="3.9370078740157" />
    <line layer="TOP_PLACE_BOUND" originx="-472.44094488188" originy="374.01574803149" endx="472.44094488188" endy="374.01574803149" width="3.9370078740157" />
    <line layer="TOP_PLACE_BOUND" originx="472.44094488188" originy="374.01574803149" endx="472.44094488188" endy="-374.01574803149" width="3.9370078740157" />
    <line layer="TOP_PLACE_BOUND" originx="472.44094488188" originy="-374.01574803149" endx="-472.44094488188" endy="-374.01574803149" width="3.9370078740157" />
    <line layer="TOP_PLACE_BOUND" originx="-472.44094488188" originy="-374.01574803149" endx="-472.44094488188" endy="374.01574803149" width="3.9370078740157" />
    <line layer="TOP_SILKSCREEN" originx="-281.49606299212" originy="-354.33070866141" endx="-281.49606299212" endy="-354.33070866141" width="3.9370078740157" />
    <arc layer="TOP_SILKSCREEN" originx="-281.49606299212" originy="-356.29921259842" startangle="90.0" sweepangle="180.0" radius="1.9685039370078" width="3.9370078740157" />
    <line layer="TOP_SILKSCREEN" originx="-281.49606299212" originy="-358.26771653543" endx="-281.49606299212" endy="-358.26771653543" width="3.9370078740157" />
    <arc layer="TOP_SILKSCREEN" originx="-281.49606299212" originy="-356.29921259842" startangle="-90.0" sweepangle="180.0" radius="1.9685039370078" width="3.9370078740157" />
  </footprint>
  <symbol name="ZED-F9P-15B" originx="0" originy="0">
    <line originx="200" originy="100" endx="1700" endy="100" width="0" />
    <line originx="1700" originy="-5100" endx="1700" endy="100" width="0" />
    <line originx="1700" originy="-5100" endx="200" endy="-5100" width="0" />
    <line originx="200" originy="100" endx="200" endy="-5100" width="0" />
    <sympin number="1" originx="200" originy="0" rotation="180" length="100" width="7.8740157480315" flipped="False">
      <text name="pinname" originx="230" originy="0" style="Default" rotation="0" justify="left" flipped="False" hidden="False" data="GND_1" />
      <text name="pindes" originx="140" originy="20" style="Default" rotation="0" justify="lowerright" flipped="False" hidden="False" data="1" />
    </sympin>
    <sympin number="2" originx="200" originy="-100" rotation="180" length="100" width="7.8740157480315" flipped="False">
      <text name="pinname" originx="230" originy="-100" style="Default" rotation="0" justify="left" flipped="False" hidden="False" data="RF_IN" />
      <text name="pindes" originx="140" originy="-80" style="Default" rotation="0" justify="lowerright" flipped="False" hidden="False" data="2" />
    </sympin>
    <sympin number="3" originx="200" originy="-200" rotation="180" length="100" width="7.8740157480315" flipped="False">
      <text name="pinname" originx="230" originy="-200" style="Default" rotation="0" justify="left" flipped="False" hidden="False" data="GND_2" />
      <text name="pindes" originx="140" originy="-180" style="Default" rotation="0" justify="lowerright" flipped="False" hidden="False" data="3" />
    </sympin>
    <sympin number="4" originx="200" originy="-300" rotation="180" length="100" width="7.8740157480315" flipped="False">
      <text name="pinname" originx="230" originy="-300" style="Default" rotation="0" justify="left" flipped="False" hidden="False" data="ANT_DETECT" />
      <text name="pindes" originx="140" originy="-280" style="Default" rotation="0" justify="lowerright" flipped="False" hidden="False" data="4" />
    </sympin>
    <sympin number="5" originx="200" originy="-400" rotation="180" length="100" width="7.8740157480315" flipped="False">
      <text name="pinname" originx="230" originy="-400" style="Default" rotation="0" justify="left" flipped="False" hidden="False" data="ANT_OFF" />
      <text name="pindes" originx="140" originy="-380" style="Default" rotation="0" justify="lowerright" flipped="False" hidden="False" data="5" />
    </sympin>
    <sympin number="6" originx="200" originy="-500" rotation="180" length="100" width="7.8740157480315" flipped="False">
      <text name="pinname" originx="230" originy="-500" style="Default" rotation="0" justify="left" flipped="False" hidden="False" data="ANT_SHORT_N" />
      <text name="pindes" originx="140" originy="-480" style="Default" rotation="0" justify="lowerright" flipped="False" hidden="False" data="6" />
    </sympin>
    <sympin number="7" originx="200" originy="-600" rotation="180" length="100" width="7.8740157480315" flipped="False">
      <text name="pinname" originx="230" originy="-600" style="Default" rotation="0" justify="left" flipped="False" hidden="False" data="VCC_RF" />
      <text name="pindes" originx="140" originy="-580" style="Default" rotation="0" justify="lowerright" flipped="False" hidden="False" data="7" />
    </sympin>
    <sympin number="8" originx="200" originy="-700" rotation="180" length="100" width="7.8740157480315" flipped="False">
      <text name="pinname" originx="230" originy="-700" style="Default" rotation="0" justify="left" flipped="False" hidden="False" data="RESERVED_1" />
      <text name="pindes" originx="140" originy="-680" style="Default" rotation="0" justify="lowerright" flipped="False" hidden="False" data="8" />
    </sympin>
    <sympin number="9" originx="200" originy="-800" rotation="180" length="100" width="7.8740157480315" flipped="False">
      <text name="pinname" originx="230" originy="-800" style="Default" rotation="0" justify="left" flipped="False" hidden="False" data="RESERVED_2" />
      <text name="pindes" originx="140" originy="-780" style="Default" rotation="0" justify="lowerright" flipped="False" hidden="False" data="9" />
    </sympin>
    <sympin number="10" originx="200" originy="-900" rotation="180" length="100" width="7.8740157480315" flipped="False">
      <text name="pinname" originx="230" originy="-900" style="Default" rotation="0" justify="left" flipped="False" hidden="False" data="RESERVED_3" />
      <text name="pindes" originx="140" originy="-880" style="Default" rotation="0" justify="lowerright" flipped="False" hidden="False" data="10" />
    </sympin>
    <sympin number="11" originx="200" originy="-1000" rotation="180" length="100" width="7.8740157480315" flipped="False">
      <text name="pinname" originx="230" originy="-1000" style="Default" rotation="0" justify="left" flipped="False" hidden="False" data="RESERVED_4" />
      <text name="pindes" originx="140" originy="-980" style="Default" rotation="0" justify="lowerright" flipped="False" hidden="False" data="11" />
    </sympin>
    <sympin number="12" originx="200" originy="-1100" rotation="180" length="100" width="7.8740157480315" flipped="False">
      <text name="pinname" originx="230" originy="-1100" style="Default" rotation="0" justify="left" flipped="False" hidden="False" data="GND_3" />
      <text name="pindes" originx="140" originy="-1080" style="Default" rotation="0" justify="lowerright" flipped="False" hidden="False" data="12" />
    </sympin>
    <sympin number="13" originx="200" originy="-1200" rotation="180" length="100" width="7.8740157480315" flipped="False">
      <text name="pinname" originx="230" originy="-1200" style="Default" rotation="0" justify="left" flipped="False" hidden="False" data="RESERVED_5" />
      <text name="pindes" originx="140" originy="-1180" style="Default" rotation="0" justify="lowerright" flipped="False" hidden="False" data="13" />
    </sympin>
    <sympin number="14" originx="200" originy="-1300" rotation="180" length="100" width="7.8740157480315" flipped="False">
      <text name="pinname" originx="230" originy="-1300" style="Default" rotation="0" justify="left" flipped="False" hidden="False" data="GND_4" />
      <text name="pindes" originx="140" originy="-1280" style="Default" rotation="0" justify="lowerright" flipped="False" hidden="False" data="14" />
    </sympin>
    <sympin number="15" originx="200" originy="-1400" rotation="180" length="100" width="7.8740157480315" flipped="False">
      <text name="pinname" originx="230" originy="-1400" style="Default" rotation="0" justify="left" flipped="False" hidden="False" data="RESERVED_6" />
      <text name="pindes" originx="140" originy="-1380" style="Default" rotation="0" justify="lowerright" flipped="False" hidden="False" data="15" />
    </sympin>
    <sympin number="16" originx="200" originy="-1500" rotation="180" length="100" width="7.8740157480315" flipped="False">
      <text name="pinname" originx="230" originy="-1500" style="Default" rotation="0" justify="left" flipped="False" hidden="False" data="RESERVED_7" />
      <text name="pindes" originx="140" originy="-1480" style="Default" rotation="0" justify="lowerright" flipped="False" hidden="False" data="16" />
    </sympin>
    <sympin number="17" originx="200" originy="-1600" rotation="180" length="100" width="7.8740157480315" flipped="False">
      <text name="pinname" originx="230" originy="-1600" style="Default" rotation="0" justify="left" flipped="False" hidden="False" data="RESERVED_8" />
      <text name="pindes" originx="140" originy="-1580" style="Default" rotation="0" justify="lowerright" flipped="False" hidden="False" data="17" />
    </sympin>
    <sympin number="18" originx="200" originy="-1700" rotation="180" length="100" width="7.8740157480315" flipped="False">
      <text name="pinname" originx="230" originy="-1700" style="Default" rotation="0" justify="left" flipped="False" hidden="False" data="RESERVED_9" />
      <text name="pindes" originx="140" originy="-1680" style="Default" rotation="0" justify="lowerright" flipped="False" hidden="False" data="18" />
    </sympin>
    <sympin number="19" originx="200" originy="-1800" rotation="180" length="100" width="7.8740157480315" flipped="False">
      <text name="pinname" originx="230" originy="-1800" style="Default" rotation="0" justify="left" flipped="False" hidden="False" data="GEOFENCE_STAT" />
      <text name="pindes" originx="140" originy="-1780" style="Default" rotation="0" justify="lowerright" flipped="False" hidden="False" data="19" />
    </sympin>
    <sympin number="20" originx="200" originy="-1900" rotation="180" length="100" width="7.8740157480315" flipped="False">
      <text name="pinname" originx="230" originy="-1900" style="Default" rotation="0" justify="left" flipped="False" hidden="False" data="RTK_STAT" />
      <text name="pindes" originx="140" originy="-1880" style="Default" rotation="0" justify="lowerright" flipped="False" hidden="False" data="20" />
    </sympin>
    <sympin number="21" originx="200" originy="-2000" rotation="180" length="100" width="7.8740157480315" flipped="False">
      <text name="pinname" originx="230" originy="-2000" style="Default" rotation="0" justify="left" flipped="False" hidden="False" data="RESERVED_10" />
      <text name="pindes" originx="140" originy="-1980" style="Default" rotation="0" justify="lowerright" flipped="False" hidden="False" data="21" />
    </sympin>
    <sympin number="22" originx="200" originy="-2100" rotation="180" length="100" width="7.8740157480315" flipped="False">
      <text name="pinname" originx="230" originy="-2100" style="Default" rotation="0" justify="left" flipped="False" hidden="False" data="RESERVED_11" />
      <text name="pindes" originx="140" originy="-2080" style="Default" rotation="0" justify="lowerright" flipped="False" hidden="False" data="22" />
    </sympin>
    <sympin number="23" originx="200" originy="-2200" rotation="180" length="100" width="7.8740157480315" flipped="False">
      <text name="pinname" originx="230" originy="-2200" style="Default" rotation="0" justify="left" flipped="False" hidden="False" data="RESERVED_12" />
      <text name="pindes" originx="140" originy="-2180" style="Default" rotation="0" justify="lowerright" flipped="False" hidden="False" data="23" />
    </sympin>
    <sympin number="24" originx="200" originy="-2300" rotation="180" length="100" width="7.8740157480315" flipped="False">
      <text name="pinname" originx="230" originy="-2300" style="Default" rotation="0" justify="left" flipped="False" hidden="False" data="RESERVED_13" />
      <text name="pindes" originx="140" originy="-2280" style="Default" rotation="0" justify="lowerright" flipped="False" hidden="False" data="24" />
    </sympin>
    <sympin number="25" originx="200" originy="-2400" rotation="180" length="100" width="7.8740157480315" flipped="False">
      <text name="pinname" originx="230" originy="-2400" style="Default" rotation="0" justify="left" flipped="False" hidden="False" data="RESERVED_14" />
      <text name="pindes" originx="140" originy="-2380" style="Default" rotation="0" justify="lowerright" flipped="False" hidden="False" data="25" />
    </sympin>
    <sympin number="26" originx="200" originy="-2500" rotation="180" length="100" width="7.8740157480315" flipped="False">
      <text name="pinname" originx="230" originy="-2500" style="Default" rotation="0" justify="left" flipped="False" hidden="False" data="RXD2" />
      <text name="pindes" originx="140" originy="-2480" style="Default" rotation="0" justify="lowerright" flipped="False" hidden="False" data="26" />
    </sympin>
    <sympin number="27" originx="200" originy="-2600" rotation="180" length="100" width="7.8740157480315" flipped="False">
      <text name="pinname" originx="230" originy="-2600" style="Default" rotation="0" justify="left" flipped="False" hidden="False" data="TXD2" />
      <text name="pindes" originx="140" originy="-2580" style="Default" rotation="0" justify="lowerright" flipped="False" hidden="False" data="27" />
    </sympin>
    <sympin number="28" originx="200" originy="-2700" rotation="180" length="100" width="7.8740157480315" flipped="False">
      <text name="pinname" originx="230" originy="-2700" style="Default" rotation="0" justify="left" flipped="False" hidden="False" data="RESERVED_15" />
      <text name="pindes" originx="140" originy="-2680" style="Default" rotation="0" justify="lowerright" flipped="False" hidden="False" data="28" />
    </sympin>
    <sympin number="29" originx="200" originy="-2800" rotation="180" length="100" width="7.8740157480315" flipped="False">
      <text name="pinname" originx="230" originy="-2800" style="Default" rotation="0" justify="left" flipped="False" hidden="False" data="RESERVED_16" />
      <text name="pindes" originx="140" originy="-2780" style="Default" rotation="0" justify="lowerright" flipped="False" hidden="False" data="29" />
    </sympin>
    <sympin number="30" originx="200" originy="-2900" rotation="180" length="100" width="7.8740157480315" flipped="False">
      <text name="pinname" originx="230" originy="-2900" style="Default" rotation="0" justify="left" flipped="False" hidden="False" data="RESERVED_17" />
      <text name="pindes" originx="140" originy="-2880" style="Default" rotation="0" justify="lowerright" flipped="False" hidden="False" data="30" />
    </sympin>
    <sympin number="31" originx="200" originy="-3000" rotation="180" length="100" width="7.8740157480315" flipped="False">
      <text name="pinname" originx="230" originy="-3000" style="Default" rotation="0" justify="left" flipped="False" hidden="False" data="RESERVED_18" />
      <text name="pindes" originx="140" originy="-2980" style="Default" rotation="0" justify="lowerright" flipped="False" hidden="False" data="31" />
    </sympin>
    <sympin number="32" originx="200" originy="-3100" rotation="180" length="100" width="7.8740157480315" flipped="False">
      <text name="pinname" originx="230" originy="-3100" style="Default" rotation="0" justify="left" flipped="False" hidden="False" data="GND_5" />
      <text name="pindes" originx="140" originy="-3080" style="Default" rotation="0" justify="lowerright" flipped="False" hidden="False" data="32" />
    </sympin>
    <sympin number="33" originx="200" originy="-3200" rotation="180" length="100" width="7.8740157480315" flipped="False">
      <text name="pinname" originx="230" originy="-3200" style="Default" rotation="0" justify="left" flipped="False" hidden="False" data="VCC_1" />
      <text name="pindes" originx="140" originy="-3180" style="Default" rotation="0" justify="lowerright" flipped="False" hidden="False" data="33" />
    </sympin>
    <sympin number="34" originx="200" originy="-3300" rotation="180" length="100" width="7.8740157480315" flipped="False">
      <text name="pinname" originx="230" originy="-3300" style="Default" rotation="0" justify="left" flipped="False" hidden="False" data="VCC_2" />
      <text name="pindes" originx="140" originy="-3280" style="Default" rotation="0" justify="lowerright" flipped="False" hidden="False" data="34" />
    </sympin>
    <sympin number="35" originx="200" originy="-3400" rotation="180" length="100" width="7.8740157480315" flipped="False">
      <text name="pinname" originx="230" originy="-3400" style="Default" rotation="0" justify="left" flipped="False" hidden="False" data="RESERVED_19" />
      <text name="pindes" originx="140" originy="-3380" style="Default" rotation="0" justify="lowerright" flipped="False" hidden="False" data="35" />
    </sympin>
    <sympin number="36" originx="200" originy="-3500" rotation="180" length="100" width="7.8740157480315" flipped="False">
      <text name="pinname" originx="230" originy="-3500" style="Default" rotation="0" justify="left" flipped="False" hidden="False" data="V_BCKP" />
      <text name="pindes" originx="140" originy="-3480" style="Default" rotation="0" justify="lowerright" flipped="False" hidden="False" data="36" />
    </sympin>
    <sympin number="37" originx="200" originy="-3600" rotation="180" length="100" width="7.8740157480315" flipped="False">
      <text name="pinname" originx="230" originy="-3600" style="Default" rotation="0" justify="left" flipped="False" hidden="False" data="GND_6" />
      <text name="pindes" originx="140" originy="-3580" style="Default" rotation="0" justify="lowerright" flipped="False" hidden="False" data="37" />
    </sympin>
    <sympin number="38" originx="200" originy="-3700" rotation="180" length="100" width="7.8740157480315" flipped="False">
      <text name="pinname" originx="230" originy="-3700" style="Default" rotation="0" justify="left" flipped="False" hidden="False" data="V_USB" />
      <text name="pindes" originx="140" originy="-3680" style="Default" rotation="0" justify="lowerright" flipped="False" hidden="False" data="38" />
    </sympin>
    <sympin number="39" originx="200" originy="-3800" rotation="180" length="100" width="7.8740157480315" flipped="False">
      <text name="pinname" originx="230" originy="-3800" style="Default" rotation="0" justify="left" flipped="False" hidden="False" data="USB_DM" />
      <text name="pindes" originx="140" originy="-3780" style="Default" rotation="0" justify="lowerright" flipped="False" hidden="False" data="39" />
    </sympin>
    <sympin number="40" originx="200" originy="-3900" rotation="180" length="100" width="7.8740157480315" flipped="False">
      <text name="pinname" originx="230" originy="-3900" style="Default" rotation="0" justify="left" flipped="False" hidden="False" data="USB_DP" />
      <text name="pindes" originx="140" originy="-3880" style="Default" rotation="0" justify="lowerright" flipped="False" hidden="False" data="40" />
    </sympin>
    <sympin number="41" originx="200" originy="-4000" rotation="180" length="100" width="7.8740157480315" flipped="False">
      <text name="pinname" originx="230" originy="-4000" style="Default" rotation="0" justify="left" flipped="False" hidden="False" data="GND_7" />
      <text name="pindes" originx="140" originy="-3980" style="Default" rotation="0" justify="lowerright" flipped="False" hidden="False" data="41" />
    </sympin>
    <sympin number="42" originx="200" originy="-4100" rotation="180" length="100" width="7.8740157480315" flipped="False">
      <text name="pinname" originx="230" originy="-4100" style="Default" rotation="0" justify="left" flipped="False" hidden="False" data="TXD/SPI_SDO" />
      <text name="pindes" originx="140" originy="-4080" style="Default" rotation="0" justify="lowerright" flipped="False" hidden="False" data="42" />
    </sympin>
    <sympin number="43" originx="200" originy="-4200" rotation="180" length="100" width="7.8740157480315" flipped="False">
      <text name="pinname" originx="230" originy="-4200" style="Default" rotation="0" justify="left" flipped="False" hidden="False" data="RXD/SPI_SDI" />
      <text name="pindes" originx="140" originy="-4180" style="Default" rotation="0" justify="lowerright" flipped="False" hidden="False" data="43" />
    </sympin>
    <sympin number="44" originx="200" originy="-4300" rotation="180" length="100" width="7.8740157480315" flipped="False">
      <text name="pinname" originx="230" originy="-4300" style="Default" rotation="0" justify="left" flipped="False" hidden="False" data="SDA/SPI_CS_N" />
      <text name="pindes" originx="140" originy="-4280" style="Default" rotation="0" justify="lowerright" flipped="False" hidden="False" data="44" />
    </sympin>
    <sympin number="45" originx="200" originy="-4400" rotation="180" length="100" width="7.8740157480315" flipped="False">
      <text name="pinname" originx="230" originy="-4400" style="Default" rotation="0" justify="left" flipped="False" hidden="False" data="SCL/SPI_CLK" />
      <text name="pindes" originx="140" originy="-4380" style="Default" rotation="0" justify="lowerright" flipped="False" hidden="False" data="45" />
    </sympin>
    <sympin number="46" originx="200" originy="-4500" rotation="180" length="100" width="7.8740157480315" flipped="False">
      <text name="pinname" originx="230" originy="-4500" style="Default" rotation="0" justify="left" flipped="False" hidden="False" data="TX_READY" />
      <text name="pindes" originx="140" originy="-4480" style="Default" rotation="0" justify="lowerright" flipped="False" hidden="False" data="46" />
    </sympin>
    <sympin number="47" originx="200" originy="-4600" rotation="180" length="100" width="7.8740157480315" flipped="False">
      <text name="pinname" originx="230" originy="-4600" style="Default" rotation="0" justify="left" flipped="False" hidden="False" data="D_SEL" />
      <text name="pindes" originx="140" originy="-4580" style="Default" rotation="0" justify="lowerright" flipped="False" hidden="False" data="47" />
    </sympin>
    <sympin number="48" originx="200" originy="-4700" rotation="180" length="100" width="7.8740157480315" flipped="False">
      <text name="pinname" originx="230" originy="-4700" style="Default" rotation="0" justify="left" flipped="False" hidden="False" data="GND_8" />
      <text name="pindes" originx="140" originy="-4680" style="Default" rotation="0" justify="lowerright" flipped="False" hidden="False" data="48" />
    </sympin>
    <sympin number="49" originx="200" originy="-4800" rotation="180" length="100" width="7.8740157480315" flipped="False">
      <text name="pinname" originx="230" originy="-4800" style="Default" rotation="0" justify="left" flipped="False" hidden="False" data="RESET_N" />
      <text name="pindes" originx="140" originy="-4780" style="Default" rotation="0" justify="lowerright" flipped="False" hidden="False" data="49" />
    </sympin>
    <sympin number="50" originx="200" originy="-4900" rotation="180" length="100" width="7.8740157480315" flipped="False">
      <text name="pinname" originx="230" originy="-4900" style="Default" rotation="0" justify="left" flipped="False" hidden="False" data="SAFEBOOT_N" />
      <text name="pindes" originx="140" originy="-4880" style="Default" rotation="0" justify="lowerright" flipped="False" hidden="False" data="50" />
    </sympin>
    <sympin number="51" originx="200" originy="-5000" rotation="180" length="100" width="7.8740157480315" flipped="False">
      <text name="pinname" originx="230" originy="-5000" style="Default" rotation="0" justify="left" flipped="False" hidden="False" data="EXTINT" />
      <text name="pindes" originx="140" originy="-4980" style="Default" rotation="0" justify="lowerright" flipped="False" hidden="False" data="51" />
    </sympin>
    <sympin number="52" originx="1700" originy="0" rotation="0" length="100" width="7.8740157480315" flipped="False">
      <text name="pinname" originx="1670" originy="0" style="Default" rotation="0" justify="right" flipped="False" hidden="False" data="RESERVED_20" />
      <text name="pindes" originx="1760" originy="20" style="Default" rotation="0" justify="lowerleft" flipped="False" hidden="False" data="52" />
    </sympin>
    <sympin number="53" originx="1700" originy="-100" rotation="0" length="100" width="7.8740157480315" flipped="False">
      <text name="pinname" originx="1670" originy="-100" style="Default" rotation="0" justify="right" flipped="False" hidden="False" data="TIMEPULSE" />
      <text name="pindes" originx="1760" originy="-80" style="Default" rotation="0" justify="lowerleft" flipped="False" hidden="False" data="53" />
    </sympin>
    <sympin number="54" originx="1700" originy="-200" rotation="0" length="100" width="7.8740157480315" flipped="False">
      <text name="pinname" originx="1670" originy="-200" style="Default" rotation="0" justify="right" flipped="False" hidden="False" data="RESERVED_21" />
      <text name="pindes" originx="1760" originy="-180" style="Default" rotation="0" justify="lowerleft" flipped="False" hidden="False" data="54" />
    </sympin>
    <sympin number="55" originx="1700" originy="-300" rotation="0" length="100" width="7.8740157480315" flipped="False">
      <text name="pinname" originx="1670" originy="-300" style="Default" rotation="0" justify="right" flipped="False" hidden="False" data="GND_9" />
      <text name="pindes" originx="1760" originy="-280" style="Default" rotation="0" justify="lowerleft" flipped="False" hidden="False" data="55" />
    </sympin>
    <sympin number="56" originx="1700" originy="-400" rotation="0" length="100" width="7.8740157480315" flipped="False">
      <text name="pinname" originx="1670" originy="-400" style="Default" rotation="0" justify="right" flipped="False" hidden="False" data="GND_10" />
      <text name="pindes" originx="1760" originy="-380" style="Default" rotation="0" justify="lowerleft" flipped="False" hidden="False" data="56" />
    </sympin>
    <sympin number="57" originx="1700" originy="-500" rotation="0" length="100" width="7.8740157480315" flipped="False">
      <text name="pinname" originx="1670" originy="-500" style="Default" rotation="0" justify="right" flipped="False" hidden="False" data="GND_11" />
      <text name="pindes" originx="1760" originy="-480" style="Default" rotation="0" justify="lowerleft" flipped="False" hidden="False" data="57" />
    </sympin>
    <sympin number="58" originx="1700" originy="-600" rotation="0" length="100" width="7.8740157480315" flipped="False">
      <text name="pinname" originx="1670" originy="-600" style="Default" rotation="0" justify="right" flipped="False" hidden="False" data="GND_12" />
      <text name="pindes" originx="1760" originy="-580" style="Default" rotation="0" justify="lowerleft" flipped="False" hidden="False" data="58" />
    </sympin>
    <sympin number="59" originx="1700" originy="-700" rotation="0" length="100" width="7.8740157480315" flipped="False">
      <text name="pinname" originx="1670" originy="-700" style="Default" rotation="0" justify="right" flipped="False" hidden="False" data="GND_13" />
      <text name="pindes" originx="1760" originy="-680" style="Default" rotation="0" justify="lowerleft" flipped="False" hidden="False" data="59" />
    </sympin>
    <sympin number="60" originx="1700" originy="-800" rotation="0" length="100" width="7.8740157480315" flipped="False">
      <text name="pinname" originx="1670" originy="-800" style="Default" rotation="0" justify="right" flipped="False" hidden="False" data="GND_14" />
      <text name="pindes" originx="1760" originy="-780" style="Default" rotation="0" justify="lowerleft" flipped="False" hidden="False" data="60" />
    </sympin>
    <sympin number="61" originx="1700" originy="-900" rotation="0" length="100" width="7.8740157480315" flipped="False">
      <text name="pinname" originx="1670" originy="-900" style="Default" rotation="0" justify="right" flipped="False" hidden="False" data="GND_15" />
      <text name="pindes" originx="1760" originy="-880" style="Default" rotation="0" justify="lowerleft" flipped="False" hidden="False" data="61" />
    </sympin>
    <sympin number="62" originx="1700" originy="-1000" rotation="0" length="100" width="7.8740157480315" flipped="False">
      <text name="pinname" originx="1670" originy="-1000" style="Default" rotation="0" justify="right" flipped="False" hidden="False" data="GND_16" />
      <text name="pindes" originx="1760" originy="-980" style="Default" rotation="0" justify="lowerleft" flipped="False" hidden="False" data="62" />
    </sympin>
    <sympin number="63" originx="1700" originy="-1100" rotation="0" length="100" width="7.8740157480315" flipped="False">
      <text name="pinname" originx="1670" originy="-1100" style="Default" rotation="0" justify="right" flipped="False" hidden="False" data="GND_17" />
      <text name="pindes" originx="1760" originy="-1080" style="Default" rotation="0" justify="lowerleft" flipped="False" hidden="False" data="63" />
    </sympin>
    <sympin number="64" originx="1700" originy="-1200" rotation="0" length="100" width="7.8740157480315" flipped="False">
      <text name="pinname" originx="1670" originy="-1200" style="Default" rotation="0" justify="right" flipped="False" hidden="False" data="GND_18" />
      <text name="pindes" originx="1760" originy="-1180" style="Default" rotation="0" justify="lowerleft" flipped="False" hidden="False" data="64" />
    </sympin>
    <sympin number="65" originx="1700" originy="-1300" rotation="0" length="100" width="7.8740157480315" flipped="False">
      <text name="pinname" originx="1670" originy="-1300" style="Default" rotation="0" justify="right" flipped="False" hidden="False" data="GND_19" />
      <text name="pindes" originx="1760" originy="-1280" style="Default" rotation="0" justify="lowerleft" flipped="False" hidden="False" data="65" />
    </sympin>
    <sympin number="66" originx="1700" originy="-1400" rotation="0" length="100" width="7.8740157480315" flipped="False">
      <text name="pinname" originx="1670" originy="-1400" style="Default" rotation="0" justify="right" flipped="False" hidden="False" data="GND_20" />
      <text name="pindes" originx="1760" originy="-1380" style="Default" rotation="0" justify="lowerleft" flipped="False" hidden="False" data="66" />
    </sympin>
    <sympin number="67" originx="1700" originy="-1500" rotation="0" length="100" width="7.8740157480315" flipped="False">
      <text name="pinname" originx="1670" originy="-1500" style="Default" rotation="0" justify="right" flipped="False" hidden="False" data="GND_21" />
      <text name="pindes" originx="1760" originy="-1480" style="Default" rotation="0" justify="lowerleft" flipped="False" hidden="False" data="67" />
    </sympin>
    <sympin number="68" originx="1700" originy="-1600" rotation="0" length="100" width="7.8740157480315" flipped="False">
      <text name="pinname" originx="1670" originy="-1600" style="Default" rotation="0" justify="right" flipped="False" hidden="False" data="GND_22" />
      <text name="pindes" originx="1760" originy="-1580" style="Default" rotation="0" justify="lowerleft" flipped="False" hidden="False" data="68" />
    </sympin>
    <sympin number="69" originx="1700" originy="-1700" rotation="0" length="100" width="7.8740157480315" flipped="False">
      <text name="pinname" originx="1670" originy="-1700" style="Default" rotation="0" justify="right" flipped="False" hidden="False" data="GND_23" />
      <text name="pindes" originx="1760" originy="-1680" style="Default" rotation="0" justify="lowerleft" flipped="False" hidden="False" data="69" />
    </sympin>
    <sympin number="70" originx="1700" originy="-1800" rotation="0" length="100" width="7.8740157480315" flipped="False">
      <text name="pinname" originx="1670" originy="-1800" style="Default" rotation="0" justify="right" flipped="False" hidden="False" data="GND_24" />
      <text name="pindes" originx="1760" originy="-1780" style="Default" rotation="0" justify="lowerleft" flipped="False" hidden="False" data="70" />
    </sympin>
    <sympin number="71" originx="1700" originy="-1900" rotation="0" length="100" width="7.8740157480315" flipped="False">
      <text name="pinname" originx="1670" originy="-1900" style="Default" rotation="0" justify="right" flipped="False" hidden="False" data="GND_25" />
      <text name="pindes" originx="1760" originy="-1880" style="Default" rotation="0" justify="lowerleft" flipped="False" hidden="False" data="71" />
    </sympin>
    <sympin number="72" originx="1700" originy="-2000" rotation="0" length="100" width="7.8740157480315" flipped="False">
      <text name="pinname" originx="1670" originy="-2000" style="Default" rotation="0" justify="right" flipped="False" hidden="False" data="GND_26" />
      <text name="pindes" originx="1760" originy="-1980" style="Default" rotation="0" justify="lowerleft" flipped="False" hidden="False" data="72" />
    </sympin>
    <sympin number="73" originx="1700" originy="-2100" rotation="0" length="100" width="7.8740157480315" flipped="False">
      <text name="pinname" originx="1670" originy="-2100" style="Default" rotation="0" justify="right" flipped="False" hidden="False" data="GND_27" />
      <text name="pindes" originx="1760" originy="-2080" style="Default" rotation="0" justify="lowerleft" flipped="False" hidden="False" data="73" />
    </sympin>
    <sympin number="74" originx="1700" originy="-2200" rotation="0" length="100" width="7.8740157480315" flipped="False">
      <text name="pinname" originx="1670" originy="-2200" style="Default" rotation="0" justify="right" flipped="False" hidden="False" data="GND_28" />
      <text name="pindes" originx="1760" originy="-2180" style="Default" rotation="0" justify="lowerleft" flipped="False" hidden="False" data="74" />
    </sympin>
    <sympin number="75" originx="1700" originy="-2300" rotation="0" length="100" width="7.8740157480315" flipped="False">
      <text name="pinname" originx="1670" originy="-2300" style="Default" rotation="0" justify="right" flipped="False" hidden="False" data="GND_29" />
      <text name="pindes" originx="1760" originy="-2280" style="Default" rotation="0" justify="lowerleft" flipped="False" hidden="False" data="75" />
    </sympin>
    <sympin number="76" originx="1700" originy="-2400" rotation="0" length="100" width="7.8740157480315" flipped="False">
      <text name="pinname" originx="1670" originy="-2400" style="Default" rotation="0" justify="right" flipped="False" hidden="False" data="GND_30" />
      <text name="pindes" originx="1760" originy="-2380" style="Default" rotation="0" justify="lowerleft" flipped="False" hidden="False" data="76" />
    </sympin>
    <sympin number="77" originx="1700" originy="-2500" rotation="0" length="100" width="7.8740157480315" flipped="False">
      <text name="pinname" originx="1670" originy="-2500" style="Default" rotation="0" justify="right" flipped="False" hidden="False" data="GND_31" />
      <text name="pindes" originx="1760" originy="-2480" style="Default" rotation="0" justify="lowerleft" flipped="False" hidden="False" data="77" />
    </sympin>
    <sympin number="78" originx="1700" originy="-2600" rotation="0" length="100" width="7.8740157480315" flipped="False">
      <text name="pinname" originx="1670" originy="-2600" style="Default" rotation="0" justify="right" flipped="False" hidden="False" data="GND_32" />
      <text name="pindes" originx="1760" originy="-2580" style="Default" rotation="0" justify="lowerleft" flipped="False" hidden="False" data="78" />
    </sympin>
    <sympin number="79" originx="1700" originy="-2700" rotation="0" length="100" width="7.8740157480315" flipped="False">
      <text name="pinname" originx="1670" originy="-2700" style="Default" rotation="0" justify="right" flipped="False" hidden="False" data="GND_33" />
      <text name="pindes" originx="1760" originy="-2680" style="Default" rotation="0" justify="lowerleft" flipped="False" hidden="False" data="79" />
    </sympin>
    <sympin number="80" originx="1700" originy="-2800" rotation="0" length="100" width="7.8740157480315" flipped="False">
      <text name="pinname" originx="1670" originy="-2800" style="Default" rotation="0" justify="right" flipped="False" hidden="False" data="GND_34" />
      <text name="pindes" originx="1760" originy="-2780" style="Default" rotation="0" justify="lowerleft" flipped="False" hidden="False" data="80" />
    </sympin>
    <sympin number="81" originx="1700" originy="-2900" rotation="0" length="100" width="7.8740157480315" flipped="False">
      <text name="pinname" originx="1670" originy="-2900" style="Default" rotation="0" justify="right" flipped="False" hidden="False" data="GND_35" />
      <text name="pindes" originx="1760" originy="-2880" style="Default" rotation="0" justify="lowerleft" flipped="False" hidden="False" data="81" />
    </sympin>
    <sympin number="82" originx="1700" originy="-3000" rotation="0" length="100" width="7.8740157480315" flipped="False">
      <text name="pinname" originx="1670" originy="-3000" style="Default" rotation="0" justify="right" flipped="False" hidden="False" data="GND_36" />
      <text name="pindes" originx="1760" originy="-2980" style="Default" rotation="0" justify="lowerleft" flipped="False" hidden="False" data="82" />
    </sympin>
    <sympin number="83" originx="1700" originy="-3100" rotation="0" length="100" width="7.8740157480315" flipped="False">
      <text name="pinname" originx="1670" originy="-3100" style="Default" rotation="0" justify="right" flipped="False" hidden="False" data="GND_37" />
      <text name="pindes" originx="1760" originy="-3080" style="Default" rotation="0" justify="lowerleft" flipped="False" hidden="False" data="83" />
    </sympin>
    <sympin number="84" originx="1700" originy="-3200" rotation="0" length="100" width="7.8740157480315" flipped="False">
      <text name="pinname" originx="1670" originy="-3200" style="Default" rotation="0" justify="right" flipped="False" hidden="False" data="GND_38" />
      <text name="pindes" originx="1760" originy="-3180" style="Default" rotation="0" justify="lowerleft" flipped="False" hidden="False" data="84" />
    </sympin>
    <sympin number="85" originx="1700" originy="-3300" rotation="0" length="100" width="7.8740157480315" flipped="False">
      <text name="pinname" originx="1670" originy="-3300" style="Default" rotation="0" justify="right" flipped="False" hidden="False" data="GND_39" />
      <text name="pindes" originx="1760" originy="-3280" style="Default" rotation="0" justify="lowerleft" flipped="False" hidden="False" data="85" />
    </sympin>
    <sympin number="86" originx="1700" originy="-3400" rotation="0" length="100" width="7.8740157480315" flipped="False">
      <text name="pinname" originx="1670" originy="-3400" style="Default" rotation="0" justify="right" flipped="False" hidden="False" data="GND_40" />
      <text name="pindes" originx="1760" originy="-3380" style="Default" rotation="0" justify="lowerleft" flipped="False" hidden="False" data="86" />
    </sympin>
    <sympin number="87" originx="1700" originy="-3500" rotation="0" length="100" width="7.8740157480315" flipped="False">
      <text name="pinname" originx="1670" originy="-3500" style="Default" rotation="0" justify="right" flipped="False" hidden="False" data="GND_41" />
      <text name="pindes" originx="1760" originy="-3480" style="Default" rotation="0" justify="lowerleft" flipped="False" hidden="False" data="87" />
    </sympin>
    <sympin number="88" originx="1700" originy="-3600" rotation="0" length="100" width="7.8740157480315" flipped="False">
      <text name="pinname" originx="1670" originy="-3600" style="Default" rotation="0" justify="right" flipped="False" hidden="False" data="GND_42" />
      <text name="pindes" originx="1760" originy="-3580" style="Default" rotation="0" justify="lowerleft" flipped="False" hidden="False" data="88" />
    </sympin>
    <sympin number="89" originx="1700" originy="-3700" rotation="0" length="100" width="7.8740157480315" flipped="False">
      <text name="pinname" originx="1670" originy="-3700" style="Default" rotation="0" justify="right" flipped="False" hidden="False" data="GND_43" />
      <text name="pindes" originx="1760" originy="-3680" style="Default" rotation="0" justify="lowerleft" flipped="False" hidden="False" data="89" />
    </sympin>
    <sympin number="90" originx="1700" originy="-3800" rotation="0" length="100" width="7.8740157480315" flipped="False">
      <text name="pinname" originx="1670" originy="-3800" style="Default" rotation="0" justify="right" flipped="False" hidden="False" data="GND_44" />
      <text name="pindes" originx="1760" originy="-3780" style="Default" rotation="0" justify="lowerleft" flipped="False" hidden="False" data="90" />
    </sympin>
    <sympin number="91" originx="1700" originy="-3900" rotation="0" length="100" width="7.8740157480315" flipped="False">
      <text name="pinname" originx="1670" originy="-3900" style="Default" rotation="0" justify="right" flipped="False" hidden="False" data="GND_45" />
      <text name="pindes" originx="1760" originy="-3880" style="Default" rotation="0" justify="lowerleft" flipped="False" hidden="False" data="91" />
    </sympin>
    <sympin number="92" originx="1700" originy="-4000" rotation="0" length="100" width="7.8740157480315" flipped="False">
      <text name="pinname" originx="1670" originy="-4000" style="Default" rotation="0" justify="right" flipped="False" hidden="False" data="GND_46" />
      <text name="pindes" originx="1760" originy="-3980" style="Default" rotation="0" justify="lowerleft" flipped="False" hidden="False" data="92" />
    </sympin>
    <sympin number="93" originx="1700" originy="-4100" rotation="0" length="100" width="7.8740157480315" flipped="False">
      <text name="pinname" originx="1670" originy="-4100" style="Default" rotation="0" justify="right" flipped="False" hidden="False" data="GND_47" />
      <text name="pindes" originx="1760" originy="-4080" style="Default" rotation="0" justify="lowerleft" flipped="False" hidden="False" data="93" />
    </sympin>
    <sympin number="94" originx="1700" originy="-4200" rotation="0" length="100" width="7.8740157480315" flipped="False">
      <text name="pinname" originx="1670" originy="-4200" style="Default" rotation="0" justify="right" flipped="False" hidden="False" data="GND_48" />
      <text name="pindes" originx="1760" originy="-4180" style="Default" rotation="0" justify="lowerleft" flipped="False" hidden="False" data="94" />
    </sympin>
    <sympin number="95" originx="1700" originy="-4300" rotation="0" length="100" width="7.8740157480315" flipped="False">
      <text name="pinname" originx="1670" originy="-4300" style="Default" rotation="0" justify="right" flipped="False" hidden="False" data="GND_49" />
      <text name="pindes" originx="1760" originy="-4280" style="Default" rotation="0" justify="lowerleft" flipped="False" hidden="False" data="95" />
    </sympin>
    <sympin number="96" originx="1700" originy="-4400" rotation="0" length="100" width="7.8740157480315" flipped="False">
      <text name="pinname" originx="1670" originy="-4400" style="Default" rotation="0" justify="right" flipped="False" hidden="False" data="GND_50" />
      <text name="pindes" originx="1760" originy="-4380" style="Default" rotation="0" justify="lowerleft" flipped="False" hidden="False" data="96" />
    </sympin>
    <sympin number="97" originx="1700" originy="-4500" rotation="0" length="100" width="7.8740157480315" flipped="False">
      <text name="pinname" originx="1670" originy="-4500" style="Default" rotation="0" justify="right" flipped="False" hidden="False" data="GND_51" />
      <text name="pindes" originx="1760" originy="-4480" style="Default" rotation="0" justify="lowerleft" flipped="False" hidden="False" data="97" />
    </sympin>
    <sympin number="98" originx="1700" originy="-4600" rotation="0" length="100" width="7.8740157480315" flipped="False">
      <text name="pinname" originx="1670" originy="-4600" style="Default" rotation="0" justify="right" flipped="False" hidden="False" data="GND_52" />
      <text name="pindes" originx="1760" originy="-4580" style="Default" rotation="0" justify="lowerleft" flipped="False" hidden="False" data="98" />
    </sympin>
    <sympin number="99" originx="1700" originy="-4700" rotation="0" length="100" width="7.8740157480315" flipped="False">
      <text name="pinname" originx="1670" originy="-4700" style="Default" rotation="0" justify="right" flipped="False" hidden="False" data="GND_53" />
      <text name="pindes" originx="1760" originy="-4680" style="Default" rotation="0" justify="lowerleft" flipped="False" hidden="False" data="99" />
    </sympin>
    <sympin number="100" originx="1700" originy="-4800" rotation="0" length="100" width="7.8740157480315" flipped="False">
      <text name="pinname" originx="1670" originy="-4800" style="Default" rotation="0" justify="right" flipped="False" hidden="False" data="GND_54" />
      <text name="pindes" originx="1760" originy="-4780" style="Default" rotation="0" justify="lowerleft" flipped="False" hidden="False" data="100" />
    </sympin>
    <sympin number="101" originx="1700" originy="-4900" rotation="0" length="100" width="7.8740157480315" flipped="False">
      <text name="pinname" originx="1670" originy="-4900" style="Default" rotation="0" justify="right" flipped="False" hidden="False" data="GND_55" />
      <text name="pindes" originx="1760" originy="-4880" style="Default" rotation="0" justify="lowerleft" flipped="False" hidden="False" data="101" />
    </sympin>
    <sympin number="102" originx="1700" originy="-5000" rotation="0" length="100" width="7.8740157480315" flipped="False">
      <text name="pinname" originx="1670" originy="-5000" style="Default" rotation="0" justify="right" flipped="False" hidden="False" data="GND_56" />
      <text name="pindes" originx="1760" originy="-4980" style="Default" rotation="0" justify="lowerleft" flipped="False" hidden="False" data="102" />
    </sympin>
  </symbol>
  <component name="ZED-F9P-15B" designatorprefix="IC" height="102.36220472441" footprint="ZEDF9P15B">
    <comppin designator="1" sympin="1" pinswap="0" gateswap="0" gate="1" group="1" side="" type="Any" name="GND_1" />
    <comppin designator="2" sympin="2" pinswap="0" gateswap="0" gate="1" group="1" side="" type="Any" name="RF_IN" />
    <comppin designator="3" sympin="3" pinswap="0" gateswap="0" gate="1" group="1" side="" type="Any" name="GND_2" />
    <comppin designator="4" sympin="4" pinswap="0" gateswap="0" gate="1" group="1" side="" type="Any" name="ANT_DETECT" />
    <comppin designator="5" sympin="5" pinswap="0" gateswap="0" gate="1" group="1" side="" type="Any" name="ANT_OFF" />
    <comppin designator="6" sympin="6" pinswap="0" gateswap="0" gate="1" group="1" side="" type="Any" name="ANT_SHORT_N" />
    <comppin designator="7" sympin="7" pinswap="0" gateswap="0" gate="1" group="1" side="" type="Any" name="VCC_RF" />
    <comppin designator="8" sympin="8" pinswap="0" gateswap="0" gate="1" group="1" side="" type="Any" name="RESERVED_1" />
    <comppin designator="9" sympin="9" pinswap="0" gateswap="0" gate="1" group="1" side="" type="Any" name="RESERVED_2" />
    <comppin designator="10" sympin="10" pinswap="0" gateswap="0" gate="1" group="1" side="" type="Any" name="RESERVED_3" />
    <comppin designator="11" sympin="11" pinswap="0" gateswap="0" gate="1" group="1" side="" type="Any" name="RESERVED_4" />
    <comppin designator="12" sympin="12" pinswap="0" gateswap="0" gate="1" group="1" side="" type="Any" name="GND_3" />
    <comppin designator="13" sympin="13" pinswap="0" gateswap="0" gate="1" group="1" side="" type="Any" name="RESERVED_5" />
    <comppin designator="14" sympin="14" pinswap="0" gateswap="0" gate="1" group="1" side="" type="Any" name="GND_4" />
    <comppin designator="15" sympin="15" pinswap="0" gateswap="0" gate="1" group="1" side="" type="Any" name="RESERVED_6" />
    <comppin designator="16" sympin="16" pinswap="0" gateswap="0" gate="1" group="1" side="" type="Any" name="RESERVED_7" />
    <comppin designator="17" sympin="17" pinswap="0" gateswap="0" gate="1" group="1" side="" type="Any" name="RESERVED_8" />
    <comppin designator="18" sympin="18" pinswap="0" gateswap="0" gate="1" group="1" side="" type="Any" name="RESERVED_9" />
    <comppin designator="19" sympin="19" pinswap="0" gateswap="0" gate="1" group="1" side="" type="Any" name="GEOFENCE_STAT" />
    <comppin designator="20" sympin="20" pinswap="0" gateswap="0" gate="1" group="1" side="" type="Any" name="RTK_STAT" />
    <comppin designator="21" sympin="21" pinswap="0" gateswap="0" gate="1" group="1" side="" type="Any" name="RESERVED_10" />
    <comppin designator="22" sympin="22" pinswap="0" gateswap="0" gate="1" group="1" side="" type="Any" name="RESERVED_11" />
    <comppin designator="23" sympin="23" pinswap="0" gateswap="0" gate="1" group="1" side="" type="Any" name="RESERVED_12" />
    <comppin designator="24" sympin="24" pinswap="0" gateswap="0" gate="1" group="1" side="" type="Any" name="RESERVED_13" />
    <comppin designator="25" sympin="25" pinswap="0" gateswap="0" gate="1" group="1" side="" type="Any" name="RESERVED_14" />
    <comppin designator="26" sympin="26" pinswap="0" gateswap="0" gate="1" group="1" side="" type="Any" name="RXD2" />
    <comppin designator="27" sympin="27" pinswap="0" gateswap="0" gate="1" group="1" side="" type="Any" name="TXD2" />
    <comppin designator="28" sympin="28" pinswap="0" gateswap="0" gate="1" group="1" side="" type="Any" name="RESERVED_15" />
    <comppin designator="29" sympin="29" pinswap="0" gateswap="0" gate="1" group="1" side="" type="Any" name="RESERVED_16" />
    <comppin designator="30" sympin="30" pinswap="0" gateswap="0" gate="1" group="1" side="" type="Any" name="RESERVED_17" />
    <comppin designator="31" sympin="31" pinswap="0" gateswap="0" gate="1" group="1" side="" type="Any" name="RESERVED_18" />
    <comppin designator="32" sympin="32" pinswap="0" gateswap="0" gate="1" group="1" side="" type="Any" name="GND_5" />
    <comppin designator="33" sympin="33" pinswap="0" gateswap="0" gate="1" group="1" side="" type="Any" name="VCC_1" />
    <comppin designator="34" sympin="34" pinswap="0" gateswap="0" gate="1" group="1" side="" type="Any" name="VCC_2" />
    <comppin designator="35" sympin="35" pinswap="0" gateswap="0" gate="1" group="1" side="" type="Any" name="RESERVED_19" />
    <comppin designator="36" sympin="36" pinswap="0" gateswap="0" gate="1" group="1" side="" type="Any" name="V_BCKP" />
    <comppin designator="37" sympin="37" pinswap="0" gateswap="0" gate="1" group="1" side="" type="Any" name="GND_6" />
    <comppin designator="38" sympin="38" pinswap="0" gateswap="0" gate="1" group="1" side="" type="Any" name="V_USB" />
    <comppin designator="39" sympin="39" pinswap="0" gateswap="0" gate="1" group="1" side="" type="Any" name="USB_DM" />
    <comppin designator="40" sympin="40" pinswap="0" gateswap="0" gate="1" group="1" side="" type="Any" name="USB_DP" />
    <comppin designator="41" sympin="41" pinswap="0" gateswap="0" gate="1" group="1" side="" type="Any" name="GND_7" />
    <comppin designator="42" sympin="42" pinswap="0" gateswap="0" gate="1" group="1" side="" type="Any" name="TXD/SPI_SDO" />
    <comppin designator="43" sympin="43" pinswap="0" gateswap="0" gate="1" group="1" side="" type="Any" name="RXD/SPI_SDI" />
    <comppin designator="44" sympin="44" pinswap="0" gateswap="0" gate="1" group="1" side="" type="Any" name="SDA/SPI_CS_N" />
    <comppin designator="45" sympin="45" pinswap="0" gateswap="0" gate="1" group="1" side="" type="Any" name="SCL/SPI_CLK" />
    <comppin designator="46" sympin="46" pinswap="0" gateswap="0" gate="1" group="1" side="" type="Any" name="TX_READY" />
    <comppin designator="47" sympin="47" pinswap="0" gateswap="0" gate="1" group="1" side="" type="Any" name="D_SEL" />
    <comppin designator="48" sympin="48" pinswap="0" gateswap="0" gate="1" group="1" side="" type="Any" name="GND_8" />
    <comppin designator="49" sympin="49" pinswap="0" gateswap="0" gate="1" group="1" side="" type="Any" name="RESET_N" />
    <comppin designator="50" sympin="50" pinswap="0" gateswap="0" gate="1" group="1" side="" type="Any" name="SAFEBOOT_N" />
    <comppin designator="51" sympin="51" pinswap="0" gateswap="0" gate="1" group="1" side="" type="Any" name="EXTINT" />
    <comppin designator="52" sympin="52" pinswap="0" gateswap="0" gate="1" group="1" side="" type="Any" name="RESERVED_20" />
    <comppin designator="53" sympin="53" pinswap="0" gateswap="0" gate="1" group="1" side="" type="Any" name="TIMEPULSE" />
    <comppin designator="54" sympin="54" pinswap="0" gateswap="0" gate="1" group="1" side="" type="Any" name="RESERVED_21" />
    <comppin designator="55" sympin="55" pinswap="0" gateswap="0" gate="1" group="1" side="" type="Any" name="GND_9" />
    <comppin designator="56" sympin="56" pinswap="0" gateswap="0" gate="1" group="1" side="" type="Any" name="GND_10" />
    <comppin designator="57" sympin="57" pinswap="0" gateswap="0" gate="1" group="1" side="" type="Any" name="GND_11" />
    <comppin designator="58" sympin="58" pinswap="0" gateswap="0" gate="1" group="1" side="" type="Any" name="GND_12" />
    <comppin designator="59" sympin="59" pinswap="0" gateswap="0" gate="1" group="1" side="" type="Any" name="GND_13" />
    <comppin designator="60" sympin="60" pinswap="0" gateswap="0" gate="1" group="1" side="" type="Any" name="GND_14" />
    <comppin designator="61" sympin="61" pinswap="0" gateswap="0" gate="1" group="1" side="" type="Any" name="GND_15" />
    <comppin designator="62" sympin="62" pinswap="0" gateswap="0" gate="1" group="1" side="" type="Any" name="GND_16" />
    <comppin designator="63" sympin="63" pinswap="0" gateswap="0" gate="1" group="1" side="" type="Any" name="GND_17" />
    <comppin designator="64" sympin="64" pinswap="0" gateswap="0" gate="1" group="1" side="" type="Any" name="GND_18" />
    <comppin designator="65" sympin="65" pinswap="0" gateswap="0" gate="1" group="1" side="" type="Any" name="GND_19" />
    <comppin designator="66" sympin="66" pinswap="0" gateswap="0" gate="1" group="1" side="" type="Any" name="GND_20" />
    <comppin designator="67" sympin="67" pinswap="0" gateswap="0" gate="1" group="1" side="" type="Any" name="GND_21" />
    <comppin designator="68" sympin="68" pinswap="0" gateswap="0" gate="1" group="1" side="" type="Any" name="GND_22" />
    <comppin designator="69" sympin="69" pinswap="0" gateswap="0" gate="1" group="1" side="" type="Any" name="GND_23" />
    <comppin designator="70" sympin="70" pinswap="0" gateswap="0" gate="1" group="1" side="" type="Any" name="GND_24" />
    <comppin designator="71" sympin="71" pinswap="0" gateswap="0" gate="1" group="1" side="" type="Any" name="GND_25" />
    <comppin designator="72" sympin="72" pinswap="0" gateswap="0" gate="1" group="1" side="" type="Any" name="GND_26" />
    <comppin designator="73" sympin="73" pinswap="0" gateswap="0" gate="1" group="1" side="" type="Any" name="GND_27" />
    <comppin designator="74" sympin="74" pinswap="0" gateswap="0" gate="1" group="1" side="" type="Any" name="GND_28" />
    <comppin designator="75" sympin="75" pinswap="0" gateswap="0" gate="1" group="1" side="" type="Any" name="GND_29" />
    <comppin designator="76" sympin="76" pinswap="0" gateswap="0" gate="1" group="1" side="" type="Any" name="GND_30" />
    <comppin designator="77" sympin="77" pinswap="0" gateswap="0" gate="1" group="1" side="" type="Any" name="GND_31" />
    <comppin designator="78" sympin="78" pinswap="0" gateswap="0" gate="1" group="1" side="" type="Any" name="GND_32" />
    <comppin designator="79" sympin="79" pinswap="0" gateswap="0" gate="1" group="1" side="" type="Any" name="GND_33" />
    <comppin designator="80" sympin="80" pinswap="0" gateswap="0" gate="1" group="1" side="" type="Any" name="GND_34" />
    <comppin designator="81" sympin="81" pinswap="0" gateswap="0" gate="1" group="1" side="" type="Any" name="GND_35" />
    <comppin designator="82" sympin="82" pinswap="0" gateswap="0" gate="1" group="1" side="" type="Any" name="GND_36" />
    <comppin designator="83" sympin="83" pinswap="0" gateswap="0" gate="1" group="1" side="" type="Any" name="GND_37" />
    <comppin designator="84" sympin="84" pinswap="0" gateswap="0" gate="1" group="1" side="" type="Any" name="GND_38" />
    <comppin designator="85" sympin="85" pinswap="0" gateswap="0" gate="1" group="1" side="" type="Any" name="GND_39" />
    <comppin designator="86" sympin="86" pinswap="0" gateswap="0" gate="1" group="1" side="" type="Any" name="GND_40" />
    <comppin designator="87" sympin="87" pinswap="0" gateswap="0" gate="1" group="1" side="" type="Any" name="GND_41" />
    <comppin designator="88" sympin="88" pinswap="0" gateswap="0" gate="1" group="1" side="" type="Any" name="GND_42" />
    <comppin designator="89" sympin="89" pinswap="0" gateswap="0" gate="1" group="1" side="" type="Any" name="GND_43" />
    <comppin designator="90" sympin="90" pinswap="0" gateswap="0" gate="1" group="1" side="" type="Any" name="GND_44" />
    <comppin designator="91" sympin="91" pinswap="0" gateswap="0" gate="1" group="1" side="" type="Any" name="GND_45" />
    <comppin designator="92" sympin="92" pinswap="0" gateswap="0" gate="1" group="1" side="" type="Any" name="GND_46" />
    <comppin designator="93" sympin="93" pinswap="0" gateswap="0" gate="1" group="1" side="" type="Any" name="GND_47" />
    <comppin designator="94" sympin="94" pinswap="0" gateswap="0" gate="1" group="1" side="" type="Any" name="GND_48" />
    <comppin designator="95" sympin="95" pinswap="0" gateswap="0" gate="1" group="1" side="" type="Any" name="GND_49" />
    <comppin designator="96" sympin="96" pinswap="0" gateswap="0" gate="1" group="1" side="" type="Any" name="GND_50" />
    <comppin designator="97" sympin="97" pinswap="0" gateswap="0" gate="1" group="1" side="" type="Any" name="GND_51" />
    <comppin designator="98" sympin="98" pinswap="0" gateswap="0" gate="1" group="1" side="" type="Any" name="GND_52" />
    <comppin designator="99" sympin="99" pinswap="0" gateswap="0" gate="1" group="1" side="" type="Any" name="GND_53" />
    <comppin designator="100" sympin="100" pinswap="0" gateswap="0" gate="1" group="1" side="" type="Any" name="GND_54" />
    <comppin designator="101" sympin="101" pinswap="0" gateswap="0" gate="1" group="1" side="" type="Any" name="GND_55" />
    <comppin designator="102" sympin="102" pinswap="0" gateswap="0" gate="1" group="1" side="" type="Any" name="GND_56" />
    <attached_symbol gate="1" name="ZED-F9P-15B" />
    <pinmap designator="1" footprintpin="1" />
    <pinmap designator="2" footprintpin="2" />
    <pinmap designator="3" footprintpin="3" />
    <pinmap designator="4" footprintpin="4" />
    <pinmap designator="5" footprintpin="5" />
    <pinmap designator="6" footprintpin="6" />
    <pinmap designator="7" footprintpin="7" />
    <pinmap designator="8" footprintpin="8" />
    <pinmap designator="9" footprintpin="9" />
    <pinmap designator="10" footprintpin="10" />
    <pinmap designator="11" footprintpin="11" />
    <pinmap designator="12" footprintpin="12" />
    <pinmap designator="13" footprintpin="13" />
    <pinmap designator="14" footprintpin="14" />
    <pinmap designator="15" footprintpin="15" />
    <pinmap designator="16" footprintpin="16" />
    <pinmap designator="17" footprintpin="17" />
    <pinmap designator="18" footprintpin="18" />
    <pinmap designator="19" footprintpin="19" />
    <pinmap designator="20" footprintpin="20" />
    <pinmap designator="21" footprintpin="21" />
    <pinmap designator="22" footprintpin="22" />
    <pinmap designator="23" footprintpin="23" />
    <pinmap designator="24" footprintpin="24" />
    <pinmap designator="25" footprintpin="25" />
    <pinmap designator="26" footprintpin="26" />
    <pinmap designator="27" footprintpin="27" />
    <pinmap designator="28" footprintpin="28" />
    <pinmap designator="29" footprintpin="29" />
    <pinmap designator="30" footprintpin="30" />
    <pinmap designator="31" footprintpin="31" />
    <pinmap designator="32" footprintpin="32" />
    <pinmap designator="33" footprintpin="33" />
    <pinmap designator="34" footprintpin="34" />
    <pinmap designator="35" footprintpin="35" />
    <pinmap designator="36" footprintpin="36" />
    <pinmap designator="37" footprintpin="37" />
    <pinmap designator="38" footprintpin="38" />
    <pinmap designator="39" footprintpin="39" />
    <pinmap designator="40" footprintpin="40" />
    <pinmap designator="41" footprintpin="41" />
    <pinmap designator="42" footprintpin="42" />
    <pinmap designator="43" footprintpin="43" />
    <pinmap designator="44" footprintpin="44" />
    <pinmap designator="45" footprintpin="45" />
    <pinmap designator="46" footprintpin="46" />
    <pinmap designator="47" footprintpin="47" />
    <pinmap designator="48" footprintpin="48" />
    <pinmap designator="49" footprintpin="49" />
    <pinmap designator="50" footprintpin="50" />
    <pinmap designator="51" footprintpin="51" />
    <pinmap designator="52" footprintpin="52" />
    <pinmap designator="53" footprintpin="53" />
    <pinmap designator="54" footprintpin="54" />
    <pinmap designator="55" footprintpin="55" />
    <pinmap designator="56" footprintpin="56" />
    <pinmap designator="57" footprintpin="57" />
    <pinmap designator="58" footprintpin="58" />
    <pinmap designator="59" footprintpin="59" />
    <pinmap designator="60" footprintpin="60" />
    <pinmap designator="61" footprintpin="61" />
    <pinmap designator="62" footprintpin="62" />
    <pinmap designator="63" footprintpin="63" />
    <pinmap designator="64" footprintpin="64" />
    <pinmap designator="65" footprintpin="65" />
    <pinmap designator="66" footprintpin="66" />
    <pinmap designator="67" footprintpin="67" />
    <pinmap designator="68" footprintpin="68" />
    <pinmap designator="69" footprintpin="69" />
    <pinmap designator="70" footprintpin="70" />
    <pinmap designator="71" footprintpin="71" />
    <pinmap designator="72" footprintpin="72" />
    <pinmap designator="73" footprintpin="73" />
    <pinmap designator="74" footprintpin="74" />
    <pinmap designator="75" footprintpin="75" />
    <pinmap designator="76" footprintpin="76" />
    <pinmap designator="77" footprintpin="77" />
    <pinmap designator="78" footprintpin="78" />
    <pinmap designator="79" footprintpin="79" />
    <pinmap designator="80" footprintpin="80" />
    <pinmap designator="81" footprintpin="81" />
    <pinmap designator="82" footprintpin="82" />
    <pinmap designator="83" footprintpin="83" />
    <pinmap designator="84" footprintpin="84" />
    <pinmap designator="85" footprintpin="85" />
    <pinmap designator="86" footprintpin="86" />
    <pinmap designator="87" footprintpin="87" />
    <pinmap designator="88" footprintpin="88" />
    <pinmap designator="89" footprintpin="89" />
    <pinmap designator="90" footprintpin="90" />
    <pinmap designator="91" footprintpin="91" />
    <pinmap designator="92" footprintpin="92" />
    <pinmap designator="93" footprintpin="93" />
    <pinmap designator="94" footprintpin="94" />
    <pinmap designator="95" footprintpin="95" />
    <pinmap designator="96" footprintpin="96" />
    <pinmap designator="97" footprintpin="97" />
    <pinmap designator="98" footprintpin="98" />
    <pinmap designator="99" footprintpin="99" />
    <pinmap designator="100" footprintpin="100" />
    <pinmap designator="101" footprintpin="101" />
    <pinmap designator="102" footprintpin="102" />
    <text name="Datasheet" originx="0" originy="0" style="Default" rotation="0" justify="" flipped="False" hidden="True" data="https://content.u-blox.com/sites/default/files/documents/ZED-F9P-15B_DataSheet_UBX-23009090.pdf" />
    <text name="Description" originx="0" originy="0" style="Default" rotation="0" justify="" flipped="False" hidden="True" data="GNSS / GPS Modules u-blox F9 dual band L1/L5 GNSS module high precision Professional Grade LGA, 16x12 mm, 250 pcs/reel" />
    <text name="Mouser Part Number" originx="0" originy="0" style="Default" rotation="0" justify="" flipped="False" hidden="True" data="377-ZED-F9P-15B" />
    <text name="Mouser Price/Stock" originx="0" originy="0" style="Default" rotation="0" justify="" flipped="False" hidden="True" data="https://www.mouser.co.uk/ProductDetail/u-blox/ZED-F9P-15B?qs=17ckDYBRdenfRLiwqzv37w%3D%3D" />
    <text name="Manufacturer_Name" originx="0" originy="0" style="Default" rotation="0" justify="" flipped="False" hidden="True" data="u-blox" />
    <text name="Manufacturer_Part_Number" originx="1750" originy="200" style="Default" rotation="0" justify="left" flipped="False" hidden="False" data="ZED-F9P-15B" />
  </component>
</quadcept_library>
